{"cameraMode":{"drawMode":0,"name":"Shaded","section":"Shading Mode"},"sceneLighting":false,"audioPlay":false,"sceneViewState":{"showFog":true,"showMaterialUpdate":false,"showSkybox":false,"showFlares":true,"showImageEffects":true,"showParticleSystems":true},"in2DMode":false,"pivot":{"x":0.0005100928246974945,"y":0.01922176033258438,"z":0.00010807998478412628},"rotation":{"x":0.4639680087566376,"y":-0.5238350033760071,"z":0.42132681608200076,"w":0.5769383907318115},"size":0.2626049220561981,"orthographic":false}