{"cameraMode":{"drawMode":0,"name":"Shaded","section":"Shading Mode"},"sceneLighting":false,"audioPlay":false,"sceneViewState":{"showFog":true,"showMaterialUpdate":false,"showSkybox":false,"showFlares":true,"showImageEffects":true,"showParticleSystems":true},"in2DMode":false,"pivot":{"x":-4.840000152587891,"y":21.108999252319337,"z":18.84000015258789},"rotation":{"x":0.25529950857162478,"y":-0.6483010053634644,"z":0.24590393900871278,"w":0.6739100217819214},"size":1.7059764862060547,"orthographic":false}