{"cameraMode":{"drawMode":0,"name":"Shaded","section":"Shading Mode"},"sceneLighting":false,"audioPlay":false,"sceneViewState":{"showFog":true,"showMaterialUpdate":false,"showSkybox":false,"showFlares":true,"showImageEffects":true,"showParticleSystems":true},"in2DMode":false,"pivot":{"x":-13.188894271850586,"y":16.763551712036134,"z":-3.7133002281188967},"rotation":{"x":-0.05887165665626526,"y":-0.9178742170333862,"z":0.3637232184410095,"w":-0.14787161350250245},"size":342.6037902832031,"orthographic":false}