{"cameraMode":{"drawMode":0,"name":"Shaded","section":"Shading Mode"},"sceneLighting":false,"audioPlay":false,"sceneViewState":{"showFog":true,"showMaterialUpdate":false,"showSkybox":false,"showFlares":true,"showImageEffects":true,"showParticleSystems":true},"in2DMode":false,"pivot":{"x":-4.76837158203125e-7,"y":0.0,"z":0.000002175569534301758},"rotation":{"x":0.1042117178440094,"y":-0.6679893136024475,"z":0.09550891816616059,"w":0.7306922078132629},"size":3.036365032196045,"orthographic":false}