{"cameraMode":{"drawMode":0,"name":"Shaded","section":"Shading Mode"},"sceneLighting":false,"audioPlay":false,"sceneViewState":{"showFog":true,"showMaterialUpdate":false,"showSkybox":false,"showFlares":true,"showImageEffects":true,"showParticleSystems":true},"in2DMode":false,"pivot":{"x":0.14208969473838807,"y":-0.00000768899917602539,"z":-0.41480326652526858},"rotation":{"x":0.18069010972976685,"y":-0.7041537165641785,"z":0.19336238503456117,"w":0.6589500904083252},"size":8.069258689880371,"orthographic":false}