{"cameraMode":{"drawMode":0,"name":"Shaded","section":"Shading Mode"},"sceneLighting":false,"audioPlay":false,"sceneViewState":{"showFog":true,"showMaterialUpdate":false,"showSkybox":false,"showFlares":true,"showImageEffects":true,"showParticleSystems":true},"in2DMode":false,"pivot":{"x":0.06684058904647827,"y":0.8148854374885559,"z":0.06671023368835449},"rotation":{"x":0.1603572815656662,"y":-0.7003559470176697,"z":0.1665848195552826,"w":0.6753724813461304},"size":4.874141693115234,"orthographic":false}