{"cameraMode":{"drawMode":0,"name":"Shaded","section":"Shading Mode"},"sceneLighting":false,"audioPlay":false,"sceneViewState":{"showFog":true,"showMaterialUpdate":false,"showSkybox":false,"showFlares":true,"showImageEffects":true,"showParticleSystems":true},"in2DMode":false,"pivot":{"x":0.0,"y":-1.4901161193847657e-8,"z":9.834766387939454e-7},"rotation":{"x":0.44225597381591799,"y":-0.5574133396148682,"z":0.5093343257904053,"w":0.4840790033340454},"size":1.8179659843444825,"orthographic":false}